Workbook

Sheet Code Output
A1: ID | B1: Measure Name | C1: Sector | D1: Program | E1: Market | F1: Gas Utility | G1: Electric Utility | H1: Baseline Condition | I1: Efficient Condition | J1: Complementary Condition | K1: Building Type | L1: Measure Life (yrs) | M1: Incremental Cost ($) | N1: Annual O&M Savings ($) | O1: Cost of Baseline Replacement ($) | P1: Deferred Replacement Credit ($) | Q1: Deferred Replacement Year X ($) | R1: Present Value Used ($) | S1: kW-kWh Ratio | T1: Water Savings (gallons) | U1: Energy Savings 1 End Use | V1: Energy Savings 1 Value | W1: Energy Savings 1 Fuel Type | X1: Energy Savings 1 Units | Y1: Energy Savings 2 End Use | Z1: Energy Savings 2 Value | AA1: Energy Savings 2 Fuel Type | AB1: Energy Savings 2 Units | AC1: Energy Savings 3 End Use | AD1: Energy Savings 3 Value | AE1: Energy Savings 3 Fuel Type | AF1: Energy Savings 3 Units
A2: 1 | B2: furnace_natural_gas_baseline_residential_to_furnace_natural_gas_efficient_residential | C2: residential | D2: LIRNC | E2: NC | F2: Methaners | G2: ElecCo | H2: furnace_natural_gas_baseline_residential | I2: furnace_natural_gas_efficient_residential | K2: single_family_li | L2: 10 | M2: 700 | N2: 0 | O2: 0 | P2: 0 | Q2: 0 | R2: 0 | S2: 40 | T2: 0 | U2: space_heating | V2: 80 | W2: natural_gas | X2: therms | Y2: space_heating | Z2: 30 | AA2: electricity | AB2: kWh
A3: 2 | B3: furnace_natural_gas_baseline_residential_to_furnace_natural_gas_efficient_residential | C3: residential | D3: NLIRNC | E3: NC | F3: Methaners | G3: ElecCo | H3: furnace_natural_gas_baseline_residential | I3: furnace_natural_gas_efficient_residential | K3: multi_family | L3: 10 | M3: 700 | N3: 0 | O3: 0 | P3: 0 | Q3: 0 | R3: 0 | S3: 90 | T3: 0 | U3: space_heating | V3: 180 | W3: natural_gas | X3: therms | Y3: space_heating | Z3: 67.5 | AA3: electricity | AB3: kWh
A4: 3 | B4: furnace_natural_gas_baseline_residential_to_furnace_natural_gas_efficient_residential | C4: residential | D4: NLIRNC | E4: NC | F4: Methaners | G4: ElecCo | H4: furnace_natural_gas_baseline_residential | I4: furnace_natural_gas_efficient_residential | K4: single_family | L4: 10 | M4: 700 | N4: 0 | O4: 0 | P4: 0 | Q4: 0 | R4: 0 | S4: 40 | T4: 0 | U4: space_heating | V4: 80 | W4: natural_gas | X4: therms | Y4: space_heating | Z4: 30 | AA4: electricity | AB4: kWh
A5: 4 | B5: furnace_natural_gas_baseline_residential_to_furnace_natural_gas_efficient_residential | C5: residential | D5: LIRNC | E5: NC | F5: Methaners | G5: ElecCo | H5: furnace_natural_gas_baseline_residential | I5: furnace_natural_gas_efficient_residential | K5: multi_family_li | L5: 10 | M5: 700 | N5: 0 | O5: 0 | P5: 0 | Q5: 0 | R5: 0 | S5: 90 | T5: 0 | U5: space_heating | V5: 180 | W5: natural_gas | X5: therms | Y5: space_heating | Z5: 67.5 | AA5: electricity | AB5: kWh
A6: 5 | B6: furnace_natural_gas_baseline_residential_to_furnace_natural_gas_efficient_residential | C6: residential | D6: LIRNC | E6: NC | F6: SuperGas | G6: ElecCo | H6: furnace_natural_gas_baseline_residential | I6: furnace_natural_gas_efficient_residential | K6: single_family_li | L6: 10 | M6: 700 | N6: 0 | O6: 0 | P6: 0 | Q6: 0 | R6: 0 | S6: 40 | T6: 0 | U6: space_heating | V6: 80 | W6: natural_gas | X6: therms | Y6: space_heating | Z6: 30 | AA6: electricity | AB6: kWh
A7: 6 | B7: furnace_natural_gas_baseline_residential_to_furnace_natural_gas_efficient_residential | C7: residential | D7: NLIRNC | E7: NC | F7: SuperGas | G7: ElecCo | H7: furnace_natural_gas_baseline_residential | I7: furnace_natural_gas_efficient_residential | K7: multi_family | L7: 10 | M7: 700 | N7: 0 | O7: 0 | P7: 0 | Q7: 0 | R7: 0 | S7: 90 | T7: 0 | U7: space_heating | V7: 180 | W7: natural_gas | X7: therms | Y7: space_heating | Z7: 67.5 | AA7: electricity | AB7: kWh
A8: 7 | B8: furnace_natural_gas_baseline_residential_to_furnace_natural_gas_efficient_residential | C8: residential | D8: NLIRNC | E8: NC | F8: SuperGas | G8: ElecCo | H8: furnace_natural_gas_baseline_residential | I8: furnace_natural_gas_efficient_residential | K8: single_family | L8: 10 | M8: 700 | N8: 0 | O8: 0 | P8: 0 | Q8: 0 | R8: 0 | S8: 40 | T8: 0 | U8: space_heating | V8: 80 | W8: natural_gas | X8: therms | Y8: space_heating | Z8: 30 | AA8: electricity | AB8: kWh
A9: 8 | B9: furnace_natural_gas_baseline_residential_to_furnace_natural_gas_efficient_residential | C9: residential | D9: LIRNC | E9: NC | F9: SuperGas | G9: ElecCo | H9: furnace_natural_gas_baseline_residential | I9: furnace_natural_gas_efficient_residential | K9: multi_family_li | L9: 10 | M9: 700 | N9: 0 | O9: 0 | P9: 0 | Q9: 0 | R9: 0 | S9: 90 | T9: 0 | U9: space_heating | V9: 180 | W9: natural_gas | X9: therms | Y9: space_heating | Z9: 67.5 | AA9: electricity | AB9: kWh
A10: 9 | B10: furnace_natural_gas_baseline_residential_to_furnace_natural_gas_efficient_residential | C10: residential | D10: LIRNC | E10: NC | F10: SuperGas | G10: FreshTricity | H10: furnace_natural_gas_baseline_residential | I10: furnace_natural_gas_efficient_residential | K10: single_family_li | L10: 10 | M10: 700 | N10: 0 | O10: 0 | P10: 0 | Q10: 0 | R10: 0 | S10: 40 | T10: 0 | U10: space_heating | V10: 80 | W10: natural_gas | X10: therms | Y10: space_heating | Z10: 30 | AA10: electricity | AB10: kWh
A11: 10 | B11: furnace_natural_gas_baseline_residential_to_furnace_natural_gas_efficient_residential | C11: residential | D11: NLIRNC | E11: NC | F11: SuperGas | G11: FreshTricity | H11: furnace_natural_gas_baseline_residential | I11: furnace_natural_gas_efficient_residential | K11: multi_family | L11: 10 | M11: 700 | N11: 0 | O11: 0 | P11: 0 | Q11: 0 | R11: 0 | S11: 90 | T11: 0 | U11: space_heating | V11: 180 | W11: natural_gas | X11: therms | Y11: space_heating | Z11: 67.5 | AA11: electricity | AB11: kWh
A12: 11 | B12: furnace_natural_gas_baseline_residential_to_furnace_natural_gas_efficient_residential | C12: residential | D12: NLIRNC | E12: NC | F12: SuperGas | G12: FreshTricity | H12: furnace_natural_gas_baseline_residential | I12: furnace_natural_gas_efficient_residential | K12: single_family | L12: 10 | M12: 700 | N12: 0 | O12: 0 | P12: 0 | Q12: 0 | R12: 0 | S12: 40 | T12: 0 | U12: space_heating | V12: 80 | W12: natural_gas | X12: therms | Y12: space_heating | Z12: 30 | AA12: electricity | AB12: kWh
A13: 12 | B13: furnace_natural_gas_baseline_residential_to_furnace_natural_gas_efficient_residential | C13: residential | D13: LIRNC | E13: NC | F13: SuperGas | G13: FreshTricity | H13: furnace_natural_gas_baseline_residential | I13: furnace_natural_gas_efficient_residential | K13: multi_family_li | L13: 10 | M13: 700 | N13: 0 | O13: 0 | P13: 0 | Q13: 0 | R13: 0 | S13: 90 | T13: 0 | U13: space_heating | V13: 180 | W13: natural_gas | X13: therms | Y13: space_heating | Z13: 67.5 | AA13: electricity | AB13: kWh
... A85: 84 | B85: furnace_natural_gas_baseline_residential_to_furnace_natural_gas_efficient_residential | C85: residential | D85: LIRRENO | E85: RENO | F85: SuperGas | G85: GreenElec | H85: furnace_natural_gas_baseline_residential | I85: furnace_natural_gas_efficient_residential | K85: multi_family_li | L85: 10 | M85: 700 | N85: 0 | O85: 0 | P85: 0 | Q85: 0 | R85: 0 | S85: 90 | T85: 0 | U85: space_heating | V85: 180 | W85: natural_gas | X85: therms | Y85: space_heating | Z85: 67.5 | AA85: electricity | AB85: kWh
A86: 85 | B86: furnace_natural_gas_baseline_residential_to_cchp_electricity_efficient_residential | C86: residential | D86: LIRNC | E86: NC | F86: Methaners | G86: ElecCo | H86: furnace_natural_gas_baseline_residential | I86: cchp_electricity_efficient_residential | K86: single_family_li | L86: 10 | M86: 2300 | N86: 100 | O86: 0 | P86: 0 | Q86: 0 | R86: 0 | S86: 120 | T86: 0 | U86: space_heating | V86: 0 | W86: natural_gas | X86: therms | Y86: space_heating | Z86: -1600 | AA86: electricity | AB86: kWh | AC86: cooling | AD86: -700 | AE86: electricity | AF86: kWh
A87: 86 | B87: furnace_natural_gas_baseline_residential_to_cchp_electricity_efficient_residential | C87: residential | D87: NLIRNC | E87: NC | F87: Methaners | G87: ElecCo | H87: furnace_natural_gas_baseline_residential | I87: cchp_electricity_efficient_residential | K87: multi_family | L87: 10 | M87: 2300 | N87: 100 | O87: 0 | P87: 0 | Q87: 0 | R87: 0 | S87: 150 | T87: 0 | U87: space_heating | V87: 400 | W87: natural_gas | X87: therms | Y87: space_heating | Z87: -1850 | AA87: electricity | AB87: kWh | AC87: cooling | AD87: -875 | AE87: electricity | AF87: kWh
A88: 87 | B88: furnace_natural_gas_baseline_residential_to_cchp_electricity_efficient_residential | C88: residential | D88: NLIRNC | E88: NC | F88: Methaners | G88: ElecCo | H88: furnace_natural_gas_baseline_residential | I88: cchp_electricity_efficient_residential | K88: single_family | L88: 10 | M88: 2300 | N88: 100 | O88: 0 | P88: 0 | Q88: 0 | R88: 0 | S88: 120 | T88: 0 | U88: space_heating | V88: 0 | W88: natural_gas | X88: therms | Y88: space_heating | Z88: -1600 | AA88: electricity | AB88: kWh | AC88: cooling | AD88: -700 | AE88: electricity | AF88: kWh
A89: 88 | B89: furnace_natural_gas_baseline_residential_to_cchp_electricity_efficient_residential | C89: residential | D89: LIRNC | E89: NC | F89: Methaners | G89: ElecCo | H89: furnace_natural_gas_baseline_residential | I89: cchp_electricity_efficient_residential | K89: multi_family_li | L89: 10 | M89: 2300 | N89: 100 | O89: 0 | P89: 0 | Q89: 0 | R89: 0 | S89: 150 | T89: 0 | U89: space_heating | V89: 400 | W89: natural_gas | X89: therms | Y89: space_heating | Z89: -1850 | AA89: electricity | AB89: kWh | AC89: cooling | AD89: -875 | AE89: electricity | AF89: kWh
A90: 89 | B90: furnace_natural_gas_baseline_residential_to_cchp_electricity_efficient_residential | C90: residential | D90: LIRNC | E90: NC | F90: SuperGas | G90: ElecCo | H90: furnace_natural_gas_baseline_residential | I90: cchp_electricity_efficient_residential | K90: single_family_li | L90: 10 | M90: 2300 | N90: 100 | O90: 0 | P90: 0 | Q90: 0 | R90: 0 | S90: 120 | T90: 0 | U90: space_heating | V90: 0 | W90: natural_gas | X90: therms | Y90: space_heating | Z90: -1600 | AA90: electricity | AB90: kWh | AC90: cooling | AD90: -700 | AE90: electricity | AF90: kWh
A91: 90 | B91: furnace_natural_gas_baseline_residential_to_cchp_electricity_efficient_residential | C91: residential | D91: NLIRNC | E91: NC | F91: SuperGas | G91: ElecCo | H91: furnace_natural_gas_baseline_residential | I91: cchp_electricity_efficient_residential | K91: multi_family | L91: 10 | M91: 2300 | N91: 100 | O91: 0 | P91: 0 | Q91: 0 | R91: 0 | S91: 150 | T91: 0 | U91: space_heating | V91: 400 | W91: natural_gas | X91: therms | Y91: space_heating | Z91: -1850 | AA91: electricity | AB91: kWh | AC91: cooling | AD91: -875 | AE91: electricity | AF91: kWh
A92: 91 | B92: furnace_natural_gas_baseline_residential_to_cchp_electricity_efficient_residential | C92: residential | D92: NLIRNC | E92: NC | F92: SuperGas | G92: ElecCo | H92: furnace_natural_gas_baseline_residential | I92: cchp_electricity_efficient_residential | K92: single_family | L92: 10 | M92: 2300 | N92: 100 | O92: 0 | P92: 0 | Q92: 0 | R92: 0 | S92: 120 | T92: 0 | U92: space_heating | V92: 0 | W92: natural_gas | X92: therms | Y92: space_heating | Z92: -1600 | AA92: electricity | AB92: kWh | AC92: cooling | AD92: -700 | AE92: electricity | AF92: kWh
A93: 92 | B93: furnace_natural_gas_baseline_residential_to_cchp_electricity_efficient_residential | C93: residential | D93: LIRNC | E93: NC | F93: SuperGas | G93: ElecCo | H93: furnace_natural_gas_baseline_residential | I93: cchp_electricity_efficient_residential | K93: multi_family_li | L93: 10 | M93: 2300 | N93: 100 | O93: 0 | P93: 0 | Q93: 0 | R93: 0 | S93: 150 | T93: 0 | U93: space_heating | V93: 400 | W93: natural_gas | X93: therms | Y93: space_heating | Z93: -1850 | AA93: electricity | AB93: kWh | AC93: cooling | AD93: -875 | AE93: electricity | AF93: kWh
A94: 93 | B94: furnace_natural_gas_baseline_residential_to_cchp_electricity_efficient_residential | C94: residential | D94: LIRNC | E94: NC | F94: SuperGas | G94: FreshTricity | H94: furnace_natural_gas_baseline_residential | I94: cchp_electricity_efficient_residential | K94: single_family_li | L94: 10 | M94: 2300 | N94: 100 | O94: 0 | P94: 0 | Q94: 0 | R94: 0 | S94: 120 | T94: 0 | U94: space_heating | V94: 0 | W94: natural_gas | X94: therms | Y94: space_heating | Z94: -1600 | AA94: electricity | AB94: kWh | AC94: cooling | AD94: -700 | AE94: electricity | AF94: kWh
A95: 94 | B95: furnace_natural_gas_baseline_residential_to_cchp_electricity_efficient_residential | C95: residential | D95: NLIRNC | E95: NC | F95: SuperGas | G95: FreshTricity | H95: furnace_natural_gas_baseline_residential | I95: cchp_electricity_efficient_residential | K95: multi_family | L95: 10 | M95: 2300 | N95: 100 | O95: 0 | P95: 0 | Q95: 0 | R95: 0 | S95: 150 | T95: 0 | U95: space_heating | V95: 400 | W95: natural_gas | X95: therms | Y95: space_heating | Z95: -1850 | AA95: electricity | AB95: kWh | AC95: cooling | AD95: -875 | AE95: electricity | AF95: kWh
A96: 95 | B96: furnace_natural_gas_baseline_residential_to_cchp_electricity_efficient_residential | C96: residential | D96: NLIRNC | E96: NC | F96: SuperGas | G96: FreshTricity | H96: furnace_natural_gas_baseline_residential | I96: cchp_electricity_efficient_residential | K96: single_family | L96: 10 | M96: 2300 | N96: 100 | O96: 0 | P96: 0 | Q96: 0 | R96: 0 | S96: 120 | T96: 0 | U96: space_heating | V96: 0 | W96: natural_gas | X96: therms | Y96: space_heating | Z96: -1600 | AA96: electricity | AB96: kWh | AC96: cooling | AD96: -700 | AE96: electricity | AF96: kWh
A97: 96 | B97: furnace_natural_gas_baseline_residential_to_cchp_electricity_efficient_residential | C97: residential | D97: LIRNC | E97: NC | F97: SuperGas | G97: FreshTricity | H97: furnace_natural_gas_baseline_residential | I97: cchp_electricity_efficient_residential | K97: multi_family_li | L97: 10 | M97: 2300 | N97: 100 | O97: 0 | P97: 0 | Q97: 0 | R97: 0 | S97: 150 | T97: 0 | U97: space_heating | V97: 400 | W97: natural_gas | X97: therms | Y97: space_heating | Z97: -1850 | AA97: electricity | AB97: kWh | AC97: cooling | AD97: -875 | AE97: electricity | AF97: kWh
... A169: 168 | B169: furnace_natural_gas_baseline_residential_to_cchp_electricity_efficient_residential | C169: residential | D169: LIRRENO | E169: RENO | F169: SuperGas | G169: GreenElec | H169: furnace_natural_gas_baseline_residential | I169: cchp_electricity_efficient_residential | K169: multi_family_li | L169: 10 | M169: 2300 | N169: 100 | O169: 0 | P169: 0 | Q169: 0 | R169: 0 | S169: 150 | T169: 0 | U169: space_heating | V169: 400 | W169: natural_gas | X169: therms | Y169: space_heating | Z169: -1850 | AA169: electricity | AB169: kWh | AC169: cooling | AD169: -875 | AE169: electricity | AF169: kWh
A170: 169 | B170: room_ac_electricity_baseline_residential_to_air_conditioner_electricity_efficient_residential | C170: residential | D170: LIRNC | E170: NC | F170: Methaners | G170: ElecCo | H170: room_ac_electricity_baseline_residential | I170: air_conditioner_electricity_efficient_residential | J170: room_ac_electricity_baseline_residential | K170: single_family_li | L170: 10 | M170: 1850 | N170: 100 | O170: 0 | P170: 0 | Q170: 0 | R170: 0 | S170: 120 | T170: 0 | U170: cooling | V170: -400 | W170: electricity | X170: kWh
A171: 170 | B171: room_ac_electricity_baseline_residential_to_air_conditioner_electricity_efficient_residential | C171: residential | D171: NLIRNC | E171: NC | F171: Methaners | G171: ElecCo | H171: room_ac_electricity_baseline_residential | I171: air_conditioner_electricity_efficient_residential | J171: room_ac_electricity_baseline_residential | K171: multi_family | L171: 10 | M171: 1850 | N171: 100 | O171: 0 | P171: 0 | Q171: 0 | R171: 0 | S171: 150 | T171: 0 | U171: cooling | V171: -800 | W171: electricity | X171: kWh
A172: 171 | B172: room_ac_electricity_baseline_residential_to_air_conditioner_electricity_efficient_residential | C172: residential | D172: NLIRNC | E172: NC | F172: Methaners | G172: ElecCo | H172: room_ac_electricity_baseline_residential | I172: air_conditioner_electricity_efficient_residential | J172: room_ac_electricity_baseline_residential | K172: single_family | L172: 10 | M172: 1850 | N172: 100 | O172: 0 | P172: 0 | Q172: 0 | R172: 0 | S172: 120 | T172: 0 | U172: cooling | V172: -400 | W172: electricity | X172: kWh
A173: 172 | B173: room_ac_electricity_baseline_residential_to_air_conditioner_electricity_efficient_residential | C173: residential | D173: LIRNC | E173: NC | F173: Methaners | G173: ElecCo | H173: room_ac_electricity_baseline_residential | I173: air_conditioner_electricity_efficient_residential | J173: room_ac_electricity_baseline_residential | K173: multi_family_li | L173: 10 | M173: 1850 | N173: 100 | O173: 0 | P173: 0 | Q173: 0 | R173: 0 | S173: 150 | T173: 0 | U173: cooling | V173: -800 | W173: electricity | X173: kWh
A174: 173 | B174: room_ac_electricity_baseline_residential_to_air_conditioner_electricity_efficient_residential | C174: residential | D174: LIRNC | E174: NC | F174: SuperGas | G174: ElecCo | H174: room_ac_electricity_baseline_residential | I174: air_conditioner_electricity_efficient_residential | J174: room_ac_electricity_baseline_residential | K174: single_family_li | L174: 10 | M174: 1850 | N174: 100 | O174: 0 | P174: 0 | Q174: 0 | R174: 0 | S174: 120 | T174: 0 | U174: cooling | V174: -400 | W174: electricity | X174: kWh
A175: 174 | B175: room_ac_electricity_baseline_residential_to_air_conditioner_electricity_efficient_residential | C175: residential | D175: NLIRNC | E175: NC | F175: SuperGas | G175: ElecCo | H175: room_ac_electricity_baseline_residential | I175: air_conditioner_electricity_efficient_residential | J175: room_ac_electricity_baseline_residential | K175: multi_family | L175: 10 | M175: 1850 | N175: 100 | O175: 0 | P175: 0 | Q175: 0 | R175: 0 | S175: 150 | T175: 0 | U175: cooling | V175: -800 | W175: electricity | X175: kWh
A176: 175 | B176: room_ac_electricity_baseline_residential_to_air_conditioner_electricity_efficient_residential | C176: residential | D176: NLIRNC | E176: NC | F176: SuperGas | G176: ElecCo | H176: room_ac_electricity_baseline_residential | I176: air_conditioner_electricity_efficient_residential | J176: room_ac_electricity_baseline_residential | K176: single_family | L176: 10 | M176: 1850 | N176: 100 | O176: 0 | P176: 0 | Q176: 0 | R176: 0 | S176: 120 | T176: 0 | U176: cooling | V176: -400 | W176: electricity | X176: kWh
A177: 176 | B177: room_ac_electricity_baseline_residential_to_air_conditioner_electricity_efficient_residential | C177: residential | D177: LIRNC | E177: NC | F177: SuperGas | G177: ElecCo | H177: room_ac_electricity_baseline_residential | I177: air_conditioner_electricity_efficient_residential | J177: room_ac_electricity_baseline_residential | K177: multi_family_li | L177: 10 | M177: 1850 | N177: 100 | O177: 0 | P177: 0 | Q177: 0 | R177: 0 | S177: 150 | T177: 0 | U177: cooling | V177: -800 | W177: electricity | X177: kWh
A178: 177 | B178: room_ac_electricity_baseline_residential_to_air_conditioner_electricity_efficient_residential | C178: residential | D178: LIRNC | E178: NC | F178: SuperGas | G178: FreshTricity | H178: room_ac_electricity_baseline_residential | I178: air_conditioner_electricity_efficient_residential | J178: room_ac_electricity_baseline_residential | K178: single_family_li | L178: 10 | M178: 1850 | N178: 100 | O178: 0 | P178: 0 | Q178: 0 | R178: 0 | S178: 120 | T178: 0 | U178: cooling | V178: -400 | W178: electricity | X178: kWh
A179: 178 | B179: room_ac_electricity_baseline_residential_to_air_conditioner_electricity_efficient_residential | C179: residential | D179: NLIRNC | E179: NC | F179: SuperGas | G179: FreshTricity | H179: room_ac_electricity_baseline_residential | I179: air_conditioner_electricity_efficient_residential | J179: room_ac_electricity_baseline_residential | K179: multi_family | L179: 10 | M179: 1850 | N179: 100 | O179: 0 | P179: 0 | Q179: 0 | R179: 0 | S179: 150 | T179: 0 | U179: cooling | V179: -800 | W179: electricity | X179: kWh
A180: 179 | B180: room_ac_electricity_baseline_residential_to_air_conditioner_electricity_efficient_residential | C180: residential | D180: NLIRNC | E180: NC | F180: SuperGas | G180: FreshTricity | H180: room_ac_electricity_baseline_residential | I180: air_conditioner_electricity_efficient_residential | J180: room_ac_electricity_baseline_residential | K180: single_family | L180: 10 | M180: 1850 | N180: 100 | O180: 0 | P180: 0 | Q180: 0 | R180: 0 | S180: 120 | T180: 0 | U180: cooling | V180: -400 | W180: electricity | X180: kWh
A181: 180 | B181: room_ac_electricity_baseline_residential_to_air_conditioner_electricity_efficient_residential | C181: residential | D181: LIRNC | E181: NC | F181: SuperGas | G181: FreshTricity | H181: room_ac_electricity_baseline_residential | I181: air_conditioner_electricity_efficient_residential | J181: room_ac_electricity_baseline_residential | K181: multi_family_li | L181: 10 | M181: 1850 | N181: 100 | O181: 0 | P181: 0 | Q181: 0 | R181: 0 | S181: 150 | T181: 0 | U181: cooling | V181: -800 | W181: electricity | X181: kWh
... A337: 336 | B337: air_conditioner_electricity_baseline_residential_to_air_conditioner_electricity_efficient_residential | C337: residential | D337: LIRRENO | E337: RENO | F337: SuperGas | G337: GreenElec | H337: air_conditioner_electricity_baseline_residential | I337: air_conditioner_electricity_efficient_residential | J337: air_conditioner_electricity_baseline_residential | K337: multi_family_li | L337: 10 | M337: 550 | N337: 100 | O337: 0 | P337: 0 | Q337: 0 | R337: 0 | S337: 150 | T337: 0 | U337: cooling | V337: 1125 | W337: electricity | X337: kWh
A338: 337 | B338: furnace_fuel_oil_existing_residential_to_cchp_electricity_efficient_residential | C338: residential | D338: LIRRET_ER | E338: RET_ER | F338: Methaners | G338: ElecCo | H338: furnace_fuel_oil_existing_residential | I338: cchp_electricity_efficient_residential | K338: single_family_li | L338: 10 | M338: 2250 | N338: 0 | O338: 2800 | P338: 0 | Q338: 0 | R338: 0 | S338: 120 | T338: 0 | U338: space_heating | V338: 1200 | W338: fuel_oil | X338: gallons | Y338: space_heating | Z338: -1480 | AA338: electricity | AB338: kWh | AC338: cooling | AD338: -700 | AE338: electricity | AF338: kWh
A339: 338 | B339: furnace_fuel_oil_existing_residential_to_cchp_electricity_efficient_residential | C339: residential | D339: NLIRRET_ER | E339: RET_ER | F339: Methaners | G339: ElecCo | H339: furnace_fuel_oil_existing_residential | I339: cchp_electricity_efficient_residential | K339: multi_family | L339: 10 | M339: 2250 | N339: 0 | O339: 2800 | P339: 0 | Q339: 0 | R339: 0 | S339: 150 | T339: 0 | U339: space_heating | V339: 2700 | W339: fuel_oil | X339: gallons | Y339: space_heating | Z339: -1730 | AA339: electricity | AB339: kWh | AC339: cooling | AD339: -875 | AE339: electricity | AF339: kWh
A340: 339 | B340: furnace_fuel_oil_existing_residential_to_cchp_electricity_efficient_residential | C340: residential | D340: NLIRRET_ER | E340: RET_ER | F340: Methaners | G340: ElecCo | H340: furnace_fuel_oil_existing_residential | I340: cchp_electricity_efficient_residential | K340: single_family | L340: 10 | M340: 2250 | N340: 0 | O340: 2800 | P340: 0 | Q340: 0 | R340: 0 | S340: 120 | T340: 0 | U340: space_heating | V340: 1200 | W340: fuel_oil | X340: gallons | Y340: space_heating | Z340: -1480 | AA340: electricity | AB340: kWh | AC340: cooling | AD340: -700 | AE340: electricity | AF340: kWh
A341: 340 | B341: furnace_fuel_oil_existing_residential_to_cchp_electricity_efficient_residential | C341: residential | D341: LIRRET_ER | E341: RET_ER | F341: Methaners | G341: ElecCo | H341: furnace_fuel_oil_existing_residential | I341: cchp_electricity_efficient_residential | K341: multi_family_li | L341: 10 | M341: 2250 | N341: 0 | O341: 2800 | P341: 0 | Q341: 0 | R341: 0 | S341: 150 | T341: 0 | U341: space_heating | V341: 2700 | W341: fuel_oil | X341: gallons | Y341: space_heating | Z341: -1730 | AA341: electricity | AB341: kWh | AC341: cooling | AD341: -875 | AE341: electricity | AF341: kWh
A342: 341 | B342: furnace_fuel_oil_existing_residential_to_cchp_electricity_efficient_residential | C342: residential | D342: LIRRET_ER | E342: RET_ER | F342: SuperGas | G342: ElecCo | H342: furnace_fuel_oil_existing_residential | I342: cchp_electricity_efficient_residential | K342: single_family_li | L342: 10 | M342: 2250 | N342: 0 | O342: 2800 | P342: 0 | Q342: 0 | R342: 0 | S342: 120 | T342: 0 | U342: space_heating | V342: 1200 | W342: fuel_oil | X342: gallons | Y342: space_heating | Z342: -1480 | AA342: electricity | AB342: kWh | AC342: cooling | AD342: -700 | AE342: electricity | AF342: kWh
A343: 342 | B343: furnace_fuel_oil_existing_residential_to_cchp_electricity_efficient_residential | C343: residential | D343: NLIRRET_ER | E343: RET_ER | F343: SuperGas | G343: ElecCo | H343: furnace_fuel_oil_existing_residential | I343: cchp_electricity_efficient_residential | K343: multi_family | L343: 10 | M343: 2250 | N343: 0 | O343: 2800 | P343: 0 | Q343: 0 | R343: 0 | S343: 150 | T343: 0 | U343: space_heating | V343: 2700 | W343: fuel_oil | X343: gallons | Y343: space_heating | Z343: -1730 | AA343: electricity | AB343: kWh | AC343: cooling | AD343: -875 | AE343: electricity | AF343: kWh
A344: 343 | B344: furnace_fuel_oil_existing_residential_to_cchp_electricity_efficient_residential | C344: residential | D344: NLIRRET_ER | E344: RET_ER | F344: SuperGas | G344: ElecCo | H344: furnace_fuel_oil_existing_residential | I344: cchp_electricity_efficient_residential | K344: single_family | L344: 10 | M344: 2250 | N344: 0 | O344: 2800 | P344: 0 | Q344: 0 | R344: 0 | S344: 120 | T344: 0 | U344: space_heating | V344: 1200 | W344: fuel_oil | X344: gallons | Y344: space_heating | Z344: -1480 | AA344: electricity | AB344: kWh | AC344: cooling | AD344: -700 | AE344: electricity | AF344: kWh
A345: 344 | B345: furnace_fuel_oil_existing_residential_to_cchp_electricity_efficient_residential | C345: residential | D345: LIRRET_ER | E345: RET_ER | F345: SuperGas | G345: ElecCo | H345: furnace_fuel_oil_existing_residential | I345: cchp_electricity_efficient_residential | K345: multi_family_li | L345: 10 | M345: 2250 | N345: 0 | O345: 2800 | P345: 0 | Q345: 0 | R345: 0 | S345: 150 | T345: 0 | U345: space_heating | V345: 2700 | W345: fuel_oil | X345: gallons | Y345: space_heating | Z345: -1730 | AA345: electricity | AB345: kWh | AC345: cooling | AD345: -875 | AE345: electricity | AF345: kWh
A346: 345 | B346: furnace_fuel_oil_existing_residential_to_cchp_electricity_efficient_residential | C346: residential | D346: LIRRET_ER | E346: RET_ER | F346: SuperGas | G346: FreshTricity | H346: furnace_fuel_oil_existing_residential | I346: cchp_electricity_efficient_residential | K346: single_family_li | L346: 10 | M346: 2250 | N346: 0 | O346: 2800 | P346: 0 | Q346: 0 | R346: 0 | S346: 120 | T346: 0 | U346: space_heating | V346: 1200 | W346: fuel_oil | X346: gallons | Y346: space_heating | Z346: -1480 | AA346: electricity | AB346: kWh | AC346: cooling | AD346: -700 | AE346: electricity | AF346: kWh
A347: 346 | B347: furnace_fuel_oil_existing_residential_to_cchp_electricity_efficient_residential | C347: residential | D347: NLIRRET_ER | E347: RET_ER | F347: SuperGas | G347: FreshTricity | H347: furnace_fuel_oil_existing_residential | I347: cchp_electricity_efficient_residential | K347: multi_family | L347: 10 | M347: 2250 | N347: 0 | O347: 2800 | P347: 0 | Q347: 0 | R347: 0 | S347: 150 | T347: 0 | U347: space_heating | V347: 2700 | W347: fuel_oil | X347: gallons | Y347: space_heating | Z347: -1730 | AA347: electricity | AB347: kWh | AC347: cooling | AD347: -875 | AE347: electricity | AF347: kWh
A348: 347 | B348: furnace_fuel_oil_existing_residential_to_cchp_electricity_efficient_residential | C348: residential | D348: NLIRRET_ER | E348: RET_ER | F348: SuperGas | G348: FreshTricity | H348: furnace_fuel_oil_existing_residential | I348: cchp_electricity_efficient_residential | K348: single_family | L348: 10 | M348: 2250 | N348: 0 | O348: 2800 | P348: 0 | Q348: 0 | R348: 0 | S348: 120 | T348: 0 | U348: space_heating | V348: 1200 | W348: fuel_oil | X348: gallons | Y348: space_heating | Z348: -1480 | AA348: electricity | AB348: kWh | AC348: cooling | AD348: -700 | AE348: electricity | AF348: kWh
A349: 348 | B349: furnace_fuel_oil_existing_residential_to_cchp_electricity_efficient_residential | C349: residential | D349: LIRRET_ER | E349: RET_ER | F349: SuperGas | G349: FreshTricity | H349: furnace_fuel_oil_existing_residential | I349: cchp_electricity_efficient_residential | K349: multi_family_li | L349: 10 | M349: 2250 | N349: 0 | O349: 2800 | P349: 0 | Q349: 0 | R349: 0 | S349: 150 | T349: 0 | U349: space_heating | V349: 2700 | W349: fuel_oil | X349: gallons | Y349: space_heating | Z349: -1730 | AA349: electricity | AB349: kWh | AC349: cooling | AD349: -875 | AE349: electricity | AF349: kWh
... A533: 532 | B533: furnace_natural_gas_baseline_residential_to_cchp_electricity_efficient_residential | C533: residential | D533: LIRRENO | E533: RENO | F533: SuperGas | G533: GreenElec | H533: furnace_natural_gas_baseline_residential | I533: cchp_electricity_efficient_residential | K533: multi_family_li | L533: 10 | M533: 1300 | N533: 0 | O533: 0 | P533: 0 | Q533: 0 | R533: 0 | S533: 150 | T533: 0 | U533: space_heating | V533: 900 | W533: natural_gas | X533: therms | Y533: space_heating | Z533: -1662.5 | AA533: electricity | AB533: kWh | AC533: cooling | AD533: -875 | AE533: electricity | AF533: kWh
A534: 533 | B534: room_ac_electricity_baseline_residential_to_cchp_electricity_efficient_residential | C534: residential | D534: LIRNC | E534: NC | F534: Methaners | G534: ElecCo | H534: furnace_natural_gas_baseline_residential | I534: cchp_electricity_efficient_residential | J534: room_ac_electricity_baseline_residential | K534: single_family_li | L534: 10 | M534: 1000 | N534: 0 | O534: 0 | P534: 0 | Q534: 0 | R534: 0 | S534: 120 | T534: 0 | U534: space_heating | V534: 400 | W534: natural_gas | X534: therms | Y534: space_heating | Z534: 150 | AA534: electricity | AB534: kWh | AC534: cooling | AD534: 500 | AE534: electricity | AF534: kWh
A535: 534 | B535: room_ac_electricity_baseline_residential_to_cchp_electricity_efficient_residential | C535: residential | D535: NLIRNC | E535: NC | F535: Methaners | G535: ElecCo | H535: furnace_natural_gas_baseline_residential | I535: cchp_electricity_efficient_residential | J535: room_ac_electricity_baseline_residential | K535: multi_family | L535: 10 | M535: 1000 | N535: 0 | O535: 0 | P535: 0 | Q535: 0 | R535: 0 | S535: 150 | T535: 0 | U535: space_heating | V535: 900 | W535: natural_gas | X535: therms | Y535: space_heating | Z535: 337.5 | AA535: electricity | AB535: kWh | AC535: cooling | AD535: 325 | AE535: electricity | AF535: kWh
A536: 535 | B536: room_ac_electricity_baseline_residential_to_cchp_electricity_efficient_residential | C536: residential | D536: NLIRNC | E536: NC | F536: Methaners | G536: ElecCo | H536: furnace_natural_gas_baseline_residential | I536: cchp_electricity_efficient_residential | J536: room_ac_electricity_baseline_residential | K536: single_family | L536: 10 | M536: 1000 | N536: 0 | O536: 0 | P536: 0 | Q536: 0 | R536: 0 | S536: 120 | T536: 0 | U536: space_heating | V536: 400 | W536: natural_gas | X536: therms | Y536: space_heating | Z536: 150 | AA536: electricity | AB536: kWh | AC536: cooling | AD536: 500 | AE536: electricity | AF536: kWh
A537: 536 | B537: room_ac_electricity_baseline_residential_to_cchp_electricity_efficient_residential | C537: residential | D537: LIRNC | E537: NC | F537: Methaners | G537: ElecCo | H537: furnace_natural_gas_baseline_residential | I537: cchp_electricity_efficient_residential | J537: room_ac_electricity_baseline_residential | K537: multi_family_li | L537: 10 | M537: 1000 | N537: 0 | O537: 0 | P537: 0 | Q537: 0 | R537: 0 | S537: 150 | T537: 0 | U537: space_heating | V537: 900 | W537: natural_gas | X537: therms | Y537: space_heating | Z537: 337.5 | AA537: electricity | AB537: kWh | AC537: cooling | AD537: 325 | AE537: electricity | AF537: kWh
A538: 537 | B538: room_ac_electricity_baseline_residential_to_cchp_electricity_efficient_residential | C538: residential | D538: LIRNC | E538: NC | F538: SuperGas | G538: ElecCo | H538: furnace_natural_gas_baseline_residential | I538: cchp_electricity_efficient_residential | J538: room_ac_electricity_baseline_residential | K538: single_family_li | L538: 10 | M538: 1000 | N538: 0 | O538: 0 | P538: 0 | Q538: 0 | R538: 0 | S538: 120 | T538: 0 | U538: space_heating | V538: 400 | W538: natural_gas | X538: therms | Y538: space_heating | Z538: 150 | AA538: electricity | AB538: kWh | AC538: cooling | AD538: 500 | AE538: electricity | AF538: kWh
A539: 538 | B539: room_ac_electricity_baseline_residential_to_cchp_electricity_efficient_residential | C539: residential | D539: NLIRNC | E539: NC | F539: SuperGas | G539: ElecCo | H539: furnace_natural_gas_baseline_residential | I539: cchp_electricity_efficient_residential | J539: room_ac_electricity_baseline_residential | K539: multi_family | L539: 10 | M539: 1000 | N539: 0 | O539: 0 | P539: 0 | Q539: 0 | R539: 0 | S539: 150 | T539: 0 | U539: space_heating | V539: 900 | W539: natural_gas | X539: therms | Y539: space_heating | Z539: 337.5 | AA539: electricity | AB539: kWh | AC539: cooling | AD539: 325 | AE539: electricity | AF539: kWh
A540: 539 | B540: room_ac_electricity_baseline_residential_to_cchp_electricity_efficient_residential | C540: residential | D540: NLIRNC | E540: NC | F540: SuperGas | G540: ElecCo | H540: furnace_natural_gas_baseline_residential | I540: cchp_electricity_efficient_residential | J540: room_ac_electricity_baseline_residential | K540: single_family | L540: 10 | M540: 1000 | N540: 0 | O540: 0 | P540: 0 | Q540: 0 | R540: 0 | S540: 120 | T540: 0 | U540: space_heating | V540: 400 | W540: natural_gas | X540: therms | Y540: space_heating | Z540: 150 | AA540: electricity | AB540: kWh | AC540: cooling | AD540: 500 | AE540: electricity | AF540: kWh
A541: 540 | B541: room_ac_electricity_baseline_residential_to_cchp_electricity_efficient_residential | C541: residential | D541: LIRNC | E541: NC | F541: SuperGas | G541: ElecCo | H541: furnace_natural_gas_baseline_residential | I541: cchp_electricity_efficient_residential | J541: room_ac_electricity_baseline_residential | K541: multi_family_li | L541: 10 | M541: 1000 | N541: 0 | O541: 0 | P541: 0 | Q541: 0 | R541: 0 | S541: 150 | T541: 0 | U541: space_heating | V541: 900 | W541: natural_gas | X541: therms | Y541: space_heating | Z541: 337.5 | AA541: electricity | AB541: kWh | AC541: cooling | AD541: 325 | AE541: electricity | AF541: kWh
A542: 541 | B542: room_ac_electricity_baseline_residential_to_cchp_electricity_efficient_residential | C542: residential | D542: LIRNC | E542: NC | F542: SuperGas | G542: FreshTricity | H542: furnace_natural_gas_baseline_residential | I542: cchp_electricity_efficient_residential | J542: room_ac_electricity_baseline_residential | K542: single_family_li | L542: 10 | M542: 1000 | N542: 0 | O542: 0 | P542: 0 | Q542: 0 | R542: 0 | S542: 120 | T542: 0 | U542: space_heating | V542: 400 | W542: natural_gas | X542: therms | Y542: space_heating | Z542: 150 | AA542: electricity | AB542: kWh | AC542: cooling | AD542: 500 | AE542: electricity | AF542: kWh
A543: 542 | B543: room_ac_electricity_baseline_residential_to_cchp_electricity_efficient_residential | C543: residential | D543: NLIRNC | E543: NC | F543: SuperGas | G543: FreshTricity | H543: furnace_natural_gas_baseline_residential | I543: cchp_electricity_efficient_residential | J543: room_ac_electricity_baseline_residential | K543: multi_family | L543: 10 | M543: 1000 | N543: 0 | O543: 0 | P543: 0 | Q543: 0 | R543: 0 | S543: 150 | T543: 0 | U543: space_heating | V543: 900 | W543: natural_gas | X543: therms | Y543: space_heating | Z543: 337.5 | AA543: electricity | AB543: kWh | AC543: cooling | AD543: 325 | AE543: electricity | AF543: kWh
A544: 543 | B544: room_ac_electricity_baseline_residential_to_cchp_electricity_efficient_residential | C544: residential | D544: NLIRNC | E544: NC | F544: SuperGas | G544: FreshTricity | H544: furnace_natural_gas_baseline_residential | I544: cchp_electricity_efficient_residential | J544: room_ac_electricity_baseline_residential | K544: single_family | L544: 10 | M544: 1000 | N544: 0 | O544: 0 | P544: 0 | Q544: 0 | R544: 0 | S544: 120 | T544: 0 | U544: space_heating | V544: 400 | W544: natural_gas | X544: therms | Y544: space_heating | Z544: 150 | AA544: electricity | AB544: kWh | AC544: cooling | AD544: 500 | AE544: electricity | AF544: kWh
A545: 544 | B545: room_ac_electricity_baseline_residential_to_cchp_electricity_efficient_residential | C545: residential | D545: LIRNC | E545: NC | F545: SuperGas | G545: FreshTricity | H545: furnace_natural_gas_baseline_residential | I545: cchp_electricity_efficient_residential | J545: room_ac_electricity_baseline_residential | K545: multi_family_li | L545: 10 | M545: 1000 | N545: 0 | O545: 0 | P545: 0 | Q545: 0 | R545: 0 | S545: 150 | T545: 0 | U545: space_heating | V545: 900 | W545: natural_gas | X545: therms | Y545: space_heating | Z545: 337.5 | AA545: electricity | AB545: kWh | AC545: cooling | AD545: 325 | AE545: electricity | AF545: kWh
... A701: 700 | B701: air_conditioner_electricity_baseline_residential_to_cchp_electricity_efficient_residential | C701: residential | D701: LIRRENO | E701: RENO | F701: SuperGas | G701: GreenElec | H701: furnace_natural_gas_baseline_residential | I701: cchp_electricity_efficient_residential | J701: air_conditioner_electricity_baseline_residential | K701: multi_family_li | L701: 10 | M701: -300 | N701: 0 | O701: 0 | P701: 0 | Q701: 0 | R701: 0 | S701: 150 | T701: 0 | U701: space_heating | V701: 900 | W701: natural_gas | X701: therms | Y701: space_heating | Z701: 337.5 | AA701: electricity | AB701: kWh | AC701: cooling | AD701: 2250 | AE701: electricity | AF701: kWh
A702: 701 | B702: refrigerator_electricity_efficient_residential_refrigerator_electricity_existing_residential | C702: residential | D702: LIRRET_ER | E702: RET_ER | F702: Methaners | G702: ElecCo | H702: refrigerator_electricity_existing_residential | I702: refrigerator_electricity_efficient_residential | K702: single_family_li | L702: 10 | M702: 1300 | N702: 0 | O702: 850 | P702: 310.19892 | Q702: 99.645931 | R702: 539.80108 | S702: 300 | T702: 0 | U702: refrigeration | V702: 700 | W702: electricity | X702: kWh
A703: 702 | B703: refrigerator_electricity_efficient_residential_refrigerator_electricity_existing_residential | C703: residential | D703: LIRRET_ER | E703: RET_ER | F703: SuperGas | G703: ElecCo | H703: refrigerator_electricity_existing_residential | I703: refrigerator_electricity_efficient_residential | K703: single_family_li | L703: 10 | M703: 1300 | N703: 0 | O703: 850 | P703: 310.19892 | Q703: 99.645931 | R703: 539.80108 | S703: 300 | T703: 0 | U703: refrigeration | V703: 700 | W703: electricity | X703: kWh
A704: 703 | B704: refrigerator_electricity_efficient_residential_refrigerator_electricity_existing_residential | C704: residential | D704: LIRRET_ER | E704: RET_ER | F704: SuperGas | G704: FreshTricity | H704: refrigerator_electricity_existing_residential | I704: refrigerator_electricity_efficient_residential | K704: single_family_li | L704: 10 | M704: 1300 | N704: 0 | O704: 850 | P704: 310.19892 | Q704: 99.645931 | R704: 539.80108 | S704: 300 | T704: 0 | U704: refrigeration | V704: 700 | W704: electricity | X704: kWh
A705: 704 | B705: refrigerator_electricity_efficient_residential_refrigerator_electricity_existing_residential | C705: residential | D705: LIRRET_ER | E705: RET_ER | F705: none | G705: ElecCo | H705: refrigerator_electricity_existing_residential | I705: refrigerator_electricity_efficient_residential | K705: single_family_li | L705: 10 | M705: 1300 | N705: 0 | O705: 850 | P705: 310.19892 | Q705: 99.645931 | R705: 539.80108 | S705: 300 | T705: 0 | U705: refrigeration | V705: 700 | W705: electricity | X705: kWh
A706: 705 | B706: refrigerator_electricity_efficient_residential_refrigerator_electricity_existing_residential | C706: residential | D706: LIRRET_ER | E706: RET_ER | F706: none | G706: FreshTricity | H706: refrigerator_electricity_existing_residential | I706: refrigerator_electricity_efficient_residential | K706: single_family_li | L706: 10 | M706: 1300 | N706: 0 | O706: 850 | P706: 310.19892 | Q706: 99.645931 | R706: 539.80108 | S706: 300 | T706: 0 | U706: refrigeration | V706: 700 | W706: electricity | X706: kWh
A707: 706 | B707: refrigerator_electricity_efficient_residential_refrigerator_electricity_existing_residential | C707: residential | D707: LIRRET_ER | E707: RET_ER | F707: Methaners | G707: GreenElec | H707: refrigerator_electricity_existing_residential | I707: refrigerator_electricity_efficient_residential | K707: single_family_li | L707: 10 | M707: 1300 | N707: 0 | O707: 850 | P707: 310.19892 | Q707: 99.645931 | R707: 539.80108 | S707: 300 | T707: 0 | U707: refrigeration | V707: 700 | W707: electricity | X707: kWh
A708: 707 | B708: refrigerator_electricity_efficient_residential_refrigerator_electricity_existing_residential | C708: residential | D708: LIRRET_ER | E708: RET_ER | F708: SuperGas | G708: GreenElec | H708: refrigerator_electricity_existing_residential | I708: refrigerator_electricity_efficient_residential | K708: single_family_li | L708: 10 | M708: 1300 | N708: 0 | O708: 850 | P708: 310.19892 | Q708: 99.645931 | R708: 539.80108 | S708: 300 | T708: 0 | U708: refrigeration | V708: 700 | W708: electricity | X708: kWh
A709: 708 | B709: refrigerator_electricity_efficient_residential_refrigerator_electricity_existing_residential | C709: residential | D709: NLIRRET_ER | E709: RET_ER | F709: Methaners | G709: ElecCo | H709: refrigerator_electricity_existing_residential | I709: refrigerator_electricity_efficient_residential | K709: multi_family | L709: 10 | M709: 1300 | N709: 0 | O709: 850 | P709: 310.19892 | Q709: 99.645931 | R709: 539.80108 | S709: 500 | T709: 0 | U709: refrigeration | V709: 1166.6667 | W709: electricity | X709: kWh
A710: 709 | B710: refrigerator_electricity_efficient_residential_refrigerator_electricity_existing_residential | C710: residential | D710: NLIRRET_ER | E710: RET_ER | F710: SuperGas | G710: ElecCo | H710: refrigerator_electricity_existing_residential | I710: refrigerator_electricity_efficient_residential | K710: multi_family | L710: 10 | M710: 1300 | N710: 0 | O710: 850 | P710: 310.19892 | Q710: 99.645931 | R710: 539.80108 | S710: 500 | T710: 0 | U710: refrigeration | V710: 1166.6667 | W710: electricity | X710: kWh
A711: 710 | B711: refrigerator_electricity_efficient_residential_refrigerator_electricity_existing_residential | C711: residential | D711: NLIRRET_ER | E711: RET_ER | F711: SuperGas | G711: FreshTricity | H711: refrigerator_electricity_existing_residential | I711: refrigerator_electricity_efficient_residential | K711: multi_family | L711: 10 | M711: 1300 | N711: 0 | O711: 850 | P711: 310.19892 | Q711: 99.645931 | R711: 539.80108 | S711: 500 | T711: 0 | U711: refrigeration | V711: 1166.6667 | W711: electricity | X711: kWh
A712: 711 | B712: refrigerator_electricity_efficient_residential_refrigerator_electricity_existing_residential | C712: residential | D712: NLIRRET_ER | E712: RET_ER | F712: none | G712: ElecCo | H712: refrigerator_electricity_existing_residential | I712: refrigerator_electricity_efficient_residential | K712: multi_family | L712: 10 | M712: 1300 | N712: 0 | O712: 850 | P712: 310.19892 | Q712: 99.645931 | R712: 539.80108 | S712: 500 | T712: 0 | U712: refrigeration | V712: 1166.6667 | W712: electricity | X712: kWh
A713: 712 | B713: refrigerator_electricity_efficient_residential_refrigerator_electricity_existing_residential | C713: residential | D713: NLIRRET_ER | E713: RET_ER | F713: none | G713: FreshTricity | H713: refrigerator_electricity_existing_residential | I713: refrigerator_electricity_efficient_residential | K713: multi_family | L713: 10 | M713: 1300 | N713: 0 | O713: 850 | P713: 310.19892 | Q713: 99.645931 | R713: 539.80108 | S713: 500 | T713: 0 | U713: refrigeration | V713: 1166.6667 | W713: electricity | X713: kWh
... A925: 924 | B925: refrigerator_electricity_top10_residential_refrigerator_electricity_baseline_residential | C925: residential | D925: LIRRENO | E925: RENO | F925: SuperGas | G925: GreenElec | H925: refrigerator_electricity_baseline_residential | I925: refrigerator_electricity_top10_residential | K925: multi_family_li | L925: 10 | M925: 750 | N925: 0 | O925: 0 | P925: 0 | Q925: 0 | R925: 0 | S925: 500 | T925: 0 | U925: refrigeration | V925: 1166.6667 | W925: electricity | X925: kWh
A926: 925 | B926: insulation_natural_gas_efficient_residential_whole_home_natural_gas_baseline_residential | C926: residential | D926: NLIRNC | E926: NC | F926: Methaners | G926: ElecCo | H926: whole_home_natural_gas_baseline_residential | I926: insulation_natural_gas_efficient_residential | K926: single_family | L926: 30 | M926: 77 | N926: 0 | O926: 0 | P926: 0 | Q926: 0 | R926: 0 | S926: 0 | T926: 0 | U926: appliances | V926: 1000 | W926: electricity | X926: kWh | Y926: cooling | Z926: 600 | AA926: electricity | AB926: kWh | AC926: interior_lighting | AD926: 800 | AE926: electricity | AF926: kWh
A927: 926 | B927: insulation_natural_gas_efficient_residential_whole_home_natural_gas_baseline_residential | C927: residential | D927: NLIRNC | E927: NC | F927: SuperGas | G927: ElecCo | H927: whole_home_natural_gas_baseline_residential | I927: insulation_natural_gas_efficient_residential | K927: single_family | L927: 30 | M927: 77 | N927: 0 | O927: 0 | P927: 0 | Q927: 0 | R927: 0 | S927: 0 | T927: 0 | U927: appliances | V927: 1000 | W927: electricity | X927: kWh | Y927: cooling | Z927: 600 | AA927: electricity | AB927: kWh | AC927: interior_lighting | AD927: 800 | AE927: electricity | AF927: kWh
A928: 927 | B928: insulation_natural_gas_efficient_residential_whole_home_natural_gas_baseline_residential | C928: residential | D928: NLIRNC | E928: NC | F928: SuperGas | G928: FreshTricity | H928: whole_home_natural_gas_baseline_residential | I928: insulation_natural_gas_efficient_residential | K928: single_family | L928: 30 | M928: 77 | N928: 0 | O928: 0 | P928: 0 | Q928: 0 | R928: 0 | S928: 0 | T928: 0 | U928: appliances | V928: 1000 | W928: electricity | X928: kWh | Y928: cooling | Z928: 600 | AA928: electricity | AB928: kWh | AC928: interior_lighting | AD928: 800 | AE928: electricity | AF928: kWh
A929: 928 | B929: insulation_natural_gas_efficient_residential_whole_home_natural_gas_baseline_residential | C929: residential | D929: NLIRNC | E929: NC | F929: none | G929: ElecCo | H929: whole_home_natural_gas_baseline_residential | I929: insulation_natural_gas_efficient_residential | K929: single_family | L929: 30 | M929: 77 | N929: 0 | O929: 0 | P929: 0 | Q929: 0 | R929: 0 | S929: 0 | T929: 0 | U929: appliances | V929: 1000 | W929: electricity | X929: kWh | Y929: cooling | Z929: 600 | AA929: electricity | AB929: kWh | AC929: interior_lighting | AD929: 800 | AE929: electricity | AF929: kWh
A930: 929 | B930: insulation_natural_gas_efficient_residential_whole_home_natural_gas_baseline_residential | C930: residential | D930: NLIRNC | E930: NC | F930: none | G930: FreshTricity | H930: whole_home_natural_gas_baseline_residential | I930: insulation_natural_gas_efficient_residential | K930: single_family | L930: 30 | M930: 77 | N930: 0 | O930: 0 | P930: 0 | Q930: 0 | R930: 0 | S930: 0 | T930: 0 | U930: appliances | V930: 1000 | W930: electricity | X930: kWh | Y930: cooling | Z930: 600 | AA930: electricity | AB930: kWh | AC930: interior_lighting | AD930: 800 | AE930: electricity | AF930: kWh
A931: 930 | B931: insulation_natural_gas_efficient_residential_whole_home_natural_gas_baseline_residential | C931: residential | D931: NLIRNC | E931: NC | F931: Methaners | G931: GreenElec | H931: whole_home_natural_gas_baseline_residential | I931: insulation_natural_gas_efficient_residential | K931: single_family | L931: 30 | M931: 77 | N931: 0 | O931: 0 | P931: 0 | Q931: 0 | R931: 0 | S931: 0 | T931: 0 | U931: appliances | V931: 1000 | W931: electricity | X931: kWh | Y931: cooling | Z931: 600 | AA931: electricity | AB931: kWh | AC931: interior_lighting | AD931: 800 | AE931: electricity | AF931: kWh
A932: 931 | B932: insulation_natural_gas_efficient_residential_whole_home_natural_gas_baseline_residential | C932: residential | D932: NLIRNC | E932: NC | F932: SuperGas | G932: GreenElec | H932: whole_home_natural_gas_baseline_residential | I932: insulation_natural_gas_efficient_residential | K932: single_family | L932: 30 | M932: 77 | N932: 0 | O932: 0 | P932: 0 | Q932: 0 | R932: 0 | S932: 0 | T932: 0 | U932: appliances | V932: 1000 | W932: electricity | X932: kWh | Y932: cooling | Z932: 600 | AA932: electricity | AB932: kWh | AC932: interior_lighting | AD932: 800 | AE932: electricity | AF932: kWh
A933: 932 | B933: insulation_natural_gas_efficient_residential_insulation_natural_gas_baseline_residential | C933: residential | D933: NLIRNC | E933: NC | F933: Methaners | G933: ElecCo | H933: insulation_natural_gas_baseline_residential | I933: insulation_natural_gas_efficient_residential | K933: single_family | L933: 30 | M933: 0 | N933: 0 | O933: 0 | P933: 0 | Q933: 0 | R933: 0 | S933: 0 | T933: 0 | U933: space_heating | V933: 1400 | W933: natural_gas | X933: therms | Y933: space_heating | Z933: -1000 | AA933: electricity | AB933: kWh
A934: 933 | B934: insulation_natural_gas_efficient_residential_insulation_natural_gas_baseline_residential | C934: residential | D934: NLIRNC | E934: NC | F934: SuperGas | G934: ElecCo | H934: insulation_natural_gas_baseline_residential | I934: insulation_natural_gas_efficient_residential | K934: single_family | L934: 30 | M934: 0 | N934: 0 | O934: 0 | P934: 0 | Q934: 0 | R934: 0 | S934: 0 | T934: 0 | U934: space_heating | V934: 1400 | W934: natural_gas | X934: therms | Y934: space_heating | Z934: -1000 | AA934: electricity | AB934: kWh
A935: 934 | B935: insulation_natural_gas_efficient_residential_insulation_natural_gas_baseline_residential | C935: residential | D935: NLIRNC | E935: NC | F935: SuperGas | G935: FreshTricity | H935: insulation_natural_gas_baseline_residential | I935: insulation_natural_gas_efficient_residential | K935: single_family | L935: 30 | M935: 0 | N935: 0 | O935: 0 | P935: 0 | Q935: 0 | R935: 0 | S935: 0 | T935: 0 | U935: space_heating | V935: 1400 | W935: natural_gas | X935: therms | Y935: space_heating | Z935: -1000 | AA935: electricity | AB935: kWh
A936: 935 | B936: insulation_natural_gas_efficient_residential_insulation_natural_gas_baseline_residential | C936: residential | D936: NLIRNC | E936: NC | F936: none | G936: ElecCo | H936: insulation_natural_gas_baseline_residential | I936: insulation_natural_gas_efficient_residential | K936: single_family | L936: 30 | M936: 0 | N936: 0 | O936: 0 | P936: 0 | Q936: 0 | R936: 0 | S936: 0 | T936: 0 | U936: space_heating | V936: 1400 | W936: natural_gas | X936: therms | Y936: space_heating | Z936: -1000 | AA936: electricity | AB936: kWh
A937: 936 | B937: insulation_natural_gas_efficient_residential_insulation_natural_gas_baseline_residential | C937: residential | D937: NLIRNC | E937: NC | F937: none | G937: FreshTricity | H937: insulation_natural_gas_baseline_residential | I937: insulation_natural_gas_efficient_residential | K937: single_family | L937: 30 | M937: 0 | N937: 0 | O937: 0 | P937: 0 | Q937: 0 | R937: 0 | S937: 0 | T937: 0 | U937: space_heating | V937: 1400 | W937: natural_gas | X937: therms | Y937: space_heating | Z937: -1000 | AA937: electricity | AB937: kWh
A938: 937 | B938: insulation_natural_gas_efficient_residential_insulation_natural_gas_baseline_residential | C938: residential | D938: NLIRNC | E938: NC | F938: Methaners | G938: GreenElec | H938: insulation_natural_gas_baseline_residential | I938: insulation_natural_gas_efficient_residential | K938: single_family | L938: 30 | M938: 0 | N938: 0 | O938: 0 | P938: 0 | Q938: 0 | R938: 0 | S938: 0 | T938: 0 | U938: space_heating | V938: 1400 | W938: natural_gas | X938: therms | Y938: space_heating | Z938: -1000 | AA938: electricity | AB938: kWh
A939: 938 | B939: insulation_natural_gas_efficient_residential_insulation_natural_gas_baseline_residential | C939: residential | D939: NLIRNC | E939: NC | F939: SuperGas | G939: GreenElec | H939: insulation_natural_gas_baseline_residential | I939: insulation_natural_gas_efficient_residential | K939: single_family | L939: 30 | M939: 0 | N939: 0 | O939: 0 | P939: 0 | Q939: 0 | R939: 0 | S939: 0 | T939: 0 | U939: space_heating | V939: 1400 | W939: natural_gas | X939: therms | Y939: space_heating | Z939: -1000 | AA939: electricity | AB939: kWh
A940: 939 | B940: insulation_natural_gas_efficient_residential_whole_home_natural_gas_baseline_residential | C940: residential | D940: NLIRROB | E940: ROB | F940: Methaners | G940: ElecCo | H940: whole_home_natural_gas_baseline_residential | I940: insulation_natural_gas_efficient_residential | K940: single_family | L940: 30 | M940: 77 | N940: 0 | O940: 0 | P940: 0 | Q940: 0 | R940: 0 | S940: 0 | T940: 0 | U940: appliances | V940: 1000 | W940: electricity | X940: kWh | Y940: cooling | Z940: 600 | AA940: electricity | AB940: kWh | AC940: interior_lighting | AD940: 800 | AE940: electricity | AF940: kWh
A941: 940 | B941: insulation_natural_gas_efficient_residential_whole_home_natural_gas_baseline_residential | C941: residential | D941: NLIRROB | E941: ROB | F941: SuperGas | G941: ElecCo | H941: whole_home_natural_gas_baseline_residential | I941: insulation_natural_gas_efficient_residential | K941: single_family | L941: 30 | M941: 77 | N941: 0 | O941: 0 | P941: 0 | Q941: 0 | R941: 0 | S941: 0 | T941: 0 | U941: appliances | V941: 1000 | W941: electricity | X941: kWh | Y941: cooling | Z941: 600 | AA941: electricity | AB941: kWh | AC941: interior_lighting | AD941: 800 | AE941: electricity | AF941: kWh
A942: 941 | B942: insulation_natural_gas_efficient_residential_whole_home_natural_gas_baseline_residential | C942: residential | D942: NLIRROB | E942: ROB | F942: SuperGas | G942: FreshTricity | H942: whole_home_natural_gas_baseline_residential | I942: insulation_natural_gas_efficient_residential | K942: single_family | L942: 30 | M942: 77 | N942: 0 | O942: 0 | P942: 0 | Q942: 0 | R942: 0 | S942: 0 | T942: 0 | U942: appliances | V942: 1000 | W942: electricity | X942: kWh | Y942: cooling | Z942: 600 | AA942: electricity | AB942: kWh | AC942: interior_lighting | AD942: 800 | AE942: electricity | AF942: kWh
A943: 942 | B943: insulation_natural_gas_efficient_residential_whole_home_natural_gas_baseline_residential | C943: residential | D943: NLIRROB | E943: ROB | F943: none | G943: ElecCo | H943: whole_home_natural_gas_baseline_residential | I943: insulation_natural_gas_efficient_residential | K943: single_family | L943: 30 | M943: 77 | N943: 0 | O943: 0 | P943: 0 | Q943: 0 | R943: 0 | S943: 0 | T943: 0 | U943: appliances | V943: 1000 | W943: electricity | X943: kWh | Y943: cooling | Z943: 600 | AA943: electricity | AB943: kWh | AC943: interior_lighting | AD943: 800 | AE943: electricity | AF943: kWh
A944: 943 | B944: insulation_natural_gas_efficient_residential_whole_home_natural_gas_baseline_residential | C944: residential | D944: NLIRROB | E944: ROB | F944: none | G944: FreshTricity | H944: whole_home_natural_gas_baseline_residential | I944: insulation_natural_gas_efficient_residential | K944: single_family | L944: 30 | M944: 77 | N944: 0 | O944: 0 | P944: 0 | Q944: 0 | R944: 0 | S944: 0 | T944: 0 | U944: appliances | V944: 1000 | W944: electricity | X944: kWh | Y944: cooling | Z944: 600 | AA944: electricity | AB944: kWh | AC944: interior_lighting | AD944: 800 | AE944: electricity | AF944: kWh
A945: 944 | B945: insulation_natural_gas_efficient_residential_whole_home_natural_gas_baseline_residential | C945: residential | D945: NLIRROB | E945: ROB | F945: Methaners | G945: GreenElec | H945: whole_home_natural_gas_baseline_residential | I945: insulation_natural_gas_efficient_residential | K945: single_family | L945: 30 | M945: 77 | N945: 0 | O945: 0 | P945: 0 | Q945: 0 | R945: 0 | S945: 0 | T945: 0 | U945: appliances | V945: 1000 | W945: electricity | X945: kWh | Y945: cooling | Z945: 600 | AA945: electricity | AB945: kWh | AC945: interior_lighting | AD945: 800 | AE945: electricity | AF945: kWh
A946: 945 | B946: insulation_natural_gas_efficient_residential_whole_home_natural_gas_baseline_residential | C946: residential | D946: NLIRROB | E946: ROB | F946: SuperGas | G946: GreenElec | H946: whole_home_natural_gas_baseline_residential | I946: insulation_natural_gas_efficient_residential | K946: single_family | L946: 30 | M946: 77 | N946: 0 | O946: 0 | P946: 0 | Q946: 0 | R946: 0 | S946: 0 | T946: 0 | U946: appliances | V946: 1000 | W946: electricity | X946: kWh | Y946: cooling | Z946: 600 | AA946: electricity | AB946: kWh | AC946: interior_lighting | AD946: 800 | AE946: electricity | AF946: kWh
...

Sheet Deferred Replacement QC
A1: ID | B1: Measure Name | C1: Sector | D1: Program | E1: Market | F1: Gas Utility | G1: Electric Utility | H1: Baseline Condition | I1: Efficient Condition | J1: Complementary Condition | K1: Building Type | L1: Measure Life (yrs) | M1: Incremental Cost ($) | N1: Annual O&M Savings ($) | O1: Cost of Baseline Replacement ($) | P1: Deferred Replacement Credit ($) | Q1: Deferred Replacement Year X ($) | R1: Present Value Used ($) | S1: kW-kWh Ratio | T1: Water Savings (gallons) | U1: Energy Savings 1 End Use | V1: Energy Savings 1 Value | W1: Energy Savings 1 Fuel Type | X1: Energy Savings 1 Units | Y1: Energy Savings 2 End Use | Z1: Energy Savings 2 Value | AA1: Energy Savings 2 Fuel Type | AB1: Energy Savings 2 Units | AC1: Energy Savings 3 End Use | AD1: Energy Savings 3 Value | AE1: Energy Savings 3 Fuel Type | AF1: Energy Savings 3 Units
A2: ='Code Output'!A702 -> 701 | B2: ='Code Output'!B702 -> refrigerator_electricity_efficient_residential_refrigerator_electricity_existing_residential | C2: ='Code Output'!C702 -> residential | D2: ='Code Output'!D702 -> LIRRET_ER | E2: ='Code Output'!E702 -> RET_ER | F2: ='Code Output'!F702 -> Methaners | G2: ='Code Output'!G702 -> ElecCo | H2: ='Code Output'!H702 -> refrigerator_electricity_existing_residential | ... AC2: ='Code Output'!AC702 -> 0
B5: RDR | C5: 0.03
B6: baseline cost | C6: 850 | F6: Instead
C7: . | G7: Year
G8: 1 | H8: =G8+1 -> 2 | I8: =H8+1 -> 3 | J8: =I8+1 -> 4 | K8: =J8+1 -> 5 | L8: =K8+1 -> 6 | M8: =L8+1 -> 7 | N8: =M8+1 -> 8 | O8: =N8+1 -> 9 | ... U8: =T8+1 -> 15
F9: Measure Installed Yr1 Life Span
F10: New Baseline Cost (Yr1 $) | K10: =$C$6/$L$2 -> 85 | L10: =$C$6/$L$2 -> 85 | M10: =$C$6/$L$2 -> 85 | N10: =$C$6/$L$2 -> 85 | O10: =$C$6/$L$2 -> 85 | P10: =$C$6/$L$2 -> 85 | Q10: =$C$6/$L$2 -> 85 | R10: =$C$6/$L$2 -> 85 | ... T10: =$C$6/$L$2 -> 85
F11: Proper capital recovery cost | K11: 99.65 | L11: 99.65 | M11: 99.65 | N11: 99.65 | O11: 99.65 | P11: 99.65 | Q11: 99.65 | R11: 99.65 | S11: 99.65 | T11: 99.65
F13: Deferred Replacement Credit | G13: =NPV($C$5,G10:P10) -> 460.46127
F14: capital recovery DRC | G14: =NPV($C$5,G11:P11) -> 539.82313
